,node,desc,type,pmax,pmin,fuelcost,inflow_fac,inflow_ref,storage_cap,storage_price,storval_filling_ref,storval_time_ref,storage_ini,pump_cap,pump_efficiency,pump_deadband,scenario
0,AL0 0,AL0 0 oil,fossil_other,89.85454305809466,0.0,157.52387142857145,1.0,const,0.0,,,,,0.0,,,
1,AL0 0,AL0 0 hydro,hydro,1492.0,0.0,0.0,0.9,inflow_AL_1,54949.05305494765,1.0,const,const,0.67,0.0,0.0,0.0,
2,AL0 0,AL0 0 ror,ror,48.2,0.0,0.0,0.9,gen_ror_AL_1,0.0,,,,,0.0,,,
3,AL0 0,AL0 0 solar-hsat,solar,14.0,0.0,0.01,1.0,gen_sol_AL_2,0.0,,,,,0.0,,,
4,AT0 0,AT0 0 PHS,PHS,3120.1000000000004,0.0,0.0,0.0,const,815414.0755797116,1.0,const,const,0.67,3120.1000000000004,0.8660254037844386,1.5,
5,AT0 0,AT0 0 CCGT,fossil_gas,4463.2,0.0,46.589307502346536,1.0,const,0.0,,,,,0.0,,,
6,AT0 0,AT0 0 hydro,hydro,2439.5999999999995,0.0,0.0,0.9,inflow_AT_1,1359905.4862992014,1.0,const,const,0.67,0.0,0.0,0.0,
7,AT0 0,AT0 0 ror,ror,5557.8,0.0,0.0,0.9,gen_ror_AT_1,0.0,,,,,0.0,,,
8,AT0 0,AT0 0 solar-hsat,solar,1192.6999999999998,0.0,0.01,1.0,gen_sol_AT_2,0.0,,,,,0.0,,,
9,AT0 0,AT0 0 onwind,wind_on,3034.6,0.0,0.015,1.0,gen_wind_AT_1,0.0,,,,,0.0,,,
10,BA0 0,BA0 0 PHS,PHS,440.0,0.0,0.0,0.0,const,3.4790697674418403,1.0,const,const,0.67,440.0,0.8660254037844386,1.5,
11,BA0 0,BA0 0 lignite,fossil_other,988.5,0.0,13.256654545454545,1.0,const,0.0,,,,,0.0,,,
12,BA0 0,BA0 0 hydro,hydro,2169.8,0.0,0.0,0.9,inflow_BA_1,3058272.7003871705,1.0,const,const,0.67,0.0,0.0,0.0,
13,BA0 0,BA0 0 solar-hsat,solar,22.35,0.0,0.01,1.0,gen_sol_BA_2,0.0,,,,,0.0,,,
14,BA0 0,BA0 0 onwind,wind_on,86.6,0.0,0.015,1.0,gen_wind_BA_1,0.0,,,,,0.0,,,
15,BE0 0,BE0 0 PHS,PHS,1308.0,0.0,0.0,0.0,const,5710.000000000001,1.0,const,const,0.67,1308.0,0.8660254037844386,1.5,
16,BE0 0,BE0 0 biomass,RES_other,619.2500000000001,0.0,15.828205128205129,1.0,const,0.0,,,,,0.0,,,
17,BE0 0,BE0 0 CCGT,fossil_gas,6641.97,0.0,46.80312068965516,1.0,const,0.0,,,,,0.0,,,
18,BE0 0,BE0 0 oil,fossil_other,242.13,0.0,157.52387142857145,1.0,const,0.0,,,,,0.0,,,
19,BE0 0,BE0 0 hydro,hydro,12.73566878980889,0.0,0.0,0.9,inflow_BE_1,200000.0,1.0,const,const,0.67,0.0,0.0,0.0,
20,BE0 0,BE0 0 nuclear,nuclear,5943.0,0.0,14.013271165644172,0.883,const,0.0,,,,,0.0,,,
21,BE0 0,BE0 0 ror,ror,172.49,0.0,0.0,0.9,gen_ror_BE_1,0.0,,,,,0.0,,,
22,BE0 0,BE0 0 solar-hsat,solar,3369.05,0.0,0.01,1.0,gen_sol_BE_2,0.0,,,,,0.0,,,
23,BE0 0,BE0 0 offwind-dc,wind_off,1548.2,0.0,0.015,1.0,gen_wind_BE_2,0.0,,,,,0.0,,,
24,BE0 0,BE0 0 onwind,wind_on,2248.08,0.0,0.015,1.0,gen_wind_BE_4,0.0,,,,,0.0,,,
25,BG0 0,BG0 0 PHS,PHS,864.0,0.0,0.0,0.0,const,27340.0,1.0,const,const,0.67,864.0,0.8660254037844386,1.5,
26,BG0 0,BG0 0 CCGT,fossil_gas,1232.0,0.0,46.80312068965517,1.0,const,0.0,,,,,0.0,,,
27,BG0 0,BG0 0 coal,fossil_other,4475.0,0.0,22.73498787878788,1.0,const,0.0,,,,,0.0,,,
28,BG0 0,BG0 0 hydro,hydro,1810.0,0.0,0.0,0.9,inflow_BG_1,3747800.211932639,1.0,const,const,0.67,0.0,0.0,0.0,
29,BG0 0,BG0 0 nuclear,nuclear,2000.0,0.0,14.013271165644172,0.876,const,0.0,,,,,0.0,,,
30,BG0 0,BG0 0 ror,ror,537.0000000000001,0.0,0.0,0.9,gen_ror_BG_1,0.0,,,,,0.0,,,
31,BG0 0,BG0 0 solar-hsat,solar,1059.0,0.0,0.01,1.0,gen_sol_BG_2,0.0,,,,,0.0,,,
32,BG0 0,BG0 0 onwind,wind_on,700.0,0.0,0.015,1.0,gen_wind_BG_3,0.0,,,,,0.0,,,
33,CH0 0,CH0 0 PHS,PHS,6640.700000000001,0.0,0.0,0.0,const,450073.4779792854,1.0,const,const,0.67,6640.700000000001,0.8660254037844386,1.5,
34,CH0 0,CH0 0 biomass,RES_other,86.3972,0.0,15.828205128205129,1.0,const,0.0,,,,,0.0,,,
35,CH0 0,CH0 0 CCGT,fossil_gas,55.0,0.0,46.80312068965517,1.0,const,0.0,,,,,0.0,,,
36,CH0 0,CH0 0 hydro,hydro,5418.8,0.0,0.0,0.9,inflow_CH_1,3256149.9695236534,1.0,const,const,0.67,0.0,0.0,0.0,
37,CH0 0,CH0 0 nuclear,nuclear,3373.0,0.0,14.013271165644172,0.834,const,0.0,,,,,0.0,,,
38,CH0 0,CH0 0 ror,ror,634.5000000000001,0.0,0.0,0.9,gen_ror_CH_1,0.0,,,,,0.0,,,
39,CH0 0,CH0 0 solar-hsat,solar,2498.0,0.0,0.01,1.0,gen_sol_CH_2,0.0,,,,,0.0,,,
40,CH0 0,CH0 0 onwind,wind_on,75.0,0.0,0.015,1.0,gen_wind_CH_1,0.0,,,,,0.0,,,
41,CZ0 0,CZ0 0 coal,fossil_other,10030.000000000002,0.0,22.73498787878788,1.0,const,0.0,,,,,0.0,,,
42,CZ0 0,CZ0 0 solar-hsat,solar,2049.0,0.0,0.01,1.0,gen_sol_CZ_2,0.0,,,,,0.0,,,
43,CZ0 0,CZ0 0 onwind,wind_on,316.0,0.0,0.015,1.0,gen_wind_CZ_1,0.0,,,,,0.0,,,
44,DE0 0,DE0 0 PHS,PHS,9422.000000000002,0.0,0.0,0.0,const,46471.15338186716,1.0,const,const,0.67,9422.000000000002,0.8660254037844386,1.5,
45,DE0 0,DE0 0 biomass,RES_other,7752.13,0.0,15.828205128205129,1.0,const,0.0,,,,,0.0,,,
46,DE0 0,DE0 0 CCGT,fossil_gas,31664.0,0.0,55.604292034995865,1.0,const,0.0,,,,,0.0,,,
47,DE0 0,DE0 0 coal,fossil_other,50854.0,0.0,63.579265440116295,1.0,const,0.0,,,,,0.0,,,
48,DE0 0,DE0 0 hydro,hydro,1297.9999999999998,0.0,0.0,0.9,inflow_DE_1,1345077.7202072537,1.0,const,const,0.67,0.0,0.0,0.0,
49,DE0 0,DE0 0 nuclear,nuclear,9516.000000000002,0.0,13.8864,0.926,const,0.0,,,,,0.0,,,
50,DE0 0,DE0 0 ror,ror,3982.92,0.0,0.0,0.9,gen_ror_DE_1,0.0,,,,,0.0,,,
51,DE0 0,DE0 0 solar-hsat,solar,45298.98,0.0,0.01,1.0,gen_sol_DE_2,0.0,,,,,0.0,,,
52,DE0 0,DE0 0 offwind-dc,wind_off,6392.999999999999,0.0,0.015,1.0,gen_wind_DE_2,0.0,,,,,0.0,,,
53,DE0 0,DE0 0 onwind,wind_on,52791.63,0.0,0.015,1.0,gen_wind_DE_4,0.0,,,,,0.0,,,
54,DK0 0,DK0 0 biomass,RES_other,1438.1538461538462,0.0,15.828205128205129,1.0,const,0.0,,,,,0.0,,,
55,DK0 0,DK0 0 CCGT,fossil_gas,677.3012233888836,0.0,50.73735790541262,1.0,const,0.0,,,,,0.0,,,
56,DK0 0,DK0 0 coal,fossil_other,2155.134991623678,0.0,32.213321212121215,1.0,const,0.0,,,,,0.0,,,
57,DK0 0,DK0 0 solar-hsat,solar,781.6342272921738,0.0,0.01,1.0,gen_sol_DK_2,0.0,,,,,0.0,,,
58,DK0 0,DK0 0 offwind-dc,wind_off,856.3969896519286,0.0,0.015,1.0,gen_wind_DK_2,0.0,,,,,0.0,,,
59,DK0 0,DK0 0 onwind,wind_on,3665.867186163438,0.0,0.015,1.0,gen_wind_DK_4,0.0,,,,,0.0,,,
60,DK1 0,DK1 0 biomass,RES_other,283.84615384615387,0.0,15.828205128205129,1.0,const,0.0,,,,,0.0,,,
61,DK1 0,DK1 0 CCGT,fossil_gas,1136.6987766111165,0.0,46.80312068965517,1.0,const,0.0,,,,,0.0,,,
62,DK1 0,DK1 0 coal,fossil_other,1500.8650083763214,0.0,32.21332121212121,1.0,const,0.0,,,,,0.0,,,
63,DK1 0,DK1 0 solar-hsat,solar,232.36577270782607,0.0,0.01,1.0,gen_sol_DK_4,0.0,,,,,0.0,,,
64,DK1 0,DK1 0 offwind-dc,wind_off,843.6030103480714,0.0,0.015,1.0,gen_wind_DK_6,0.0,,,,,0.0,,,
65,DK1 0,DK1 0 onwind,wind_on,760.1328138365621,0.0,0.015,1.0,gen_wind_DK_8,0.0,,,,,0.0,,,
66,EE0 0,EE0 0 CCGT,fossil_gas,125.26,0.0,46.80312068965517,1.0,const,0.0,,,,,0.0,,,
67,EE0 0,EE0 0 solar-hsat,solar,32.99999999999999,0.0,0.01,1.0,gen_sol_EE_2,0.0,,,,,0.0,,,
68,EE0 0,EE0 0 onwind,wind_on,462.3999999999999,0.0,0.015,1.0,gen_wind_EE_4,0.0,,,,,0.0,,,
69,ES0 0,ES0 0 PHS,PHS,4771.996177324352,0.0,0.0,0.0,const,2374518.383018168,1.0,const,const,0.67,4771.996177324352,0.8660254037844386,1.5,
70,ES0 0,ES0 0 biomass,RES_other,470.8536585365853,0.0,15.828205128205129,1.0,const,0.0,,,,,0.0,,,
71,ES0 0,ES0 0 CCGT,fossil_gas,20334.04400764961,0.0,50.02734989801672,1.0,const,0.0,,,,,0.0,,,
72,ES0 0,ES0 0 coal,fossil_other,9277.876257305612,0.0,94.8685963203463,1.0,const,0.0,,,,,0.0,,,
73,ES0 0,ES0 0 hydro,hydro,17474.72849449364,0.0,0.0,0.9,inflow_ES_1,18112966.081865303,1.0,const,const,0.67,0.0,0.0,0.0,
74,ES0 0,ES0 0 nuclear,nuclear,4084.4,0.0,14.01327116564417,0.883,const,0.0,,,,,0.0,,,
75,ES0 0,ES0 0 ror,ror,542.6047829135485,0.0,0.0,0.9,gen_ror_ES_1,0.0,,,,,0.0,,,
76,ES0 0,ES0 0 solar-hsat,solar,6691.071681771808,0.0,0.01,1.0,gen_sol_ES_2,0.0,,,,,0.0,,,
77,ES0 0,ES0 0 onwind,wind_on,22754.15457433541,0.0,0.015,1.0,gen_wind_ES_3,0.0,,,,,0.0,,,
78,ES2 0,ES2 0 PHS,PHS,873.4038226756475,0.0,0.0,0.0,const,37978.43424934867,1.0,const,const,0.67,873.4038226756475,0.8660254037844386,1.5,
79,ES2 0,ES2 0 biomass,RES_other,36.14634146341463,0.0,15.828205128205129,1.0,const,0.0,,,,,0.0,,,
80,ES2 0,ES2 0 CCGT,fossil_gas,9932.255992350389,0.0,58.35798142483742,1.0,const,0.0,,,,,0.0,,,
81,ES2 0,ES2 0 coal,fossil_other,996.6237426943884,0.0,94.86859632034631,1.0,const,0.0,,,,,0.0,,,
82,ES2 0,ES2 0 hydro,hydro,1671.0715055063574,0.0,0.0,0.9,inflow_ES_1,1133099.1417362553,1.0,const,const,0.67,0.0,0.0,0.0,
83,ES2 0,ES2 0 nuclear,nuclear,3032.8,0.0,14.01327116564417,0.883,const,0.0,,,,,0.0,,,
84,ES2 0,ES2 0 ror,ror,613.5952170864515,0.0,0.0,0.9,gen_ror_ES_1,0.0,,,,,0.0,,,
85,ES2 0,ES2 0 solar-hsat,solar,60.02831822819264,0.0,0.01,1.0,gen_sol_ES_4,0.0,,,,,0.0,,,
86,ES2 0,ES2 0 onwind,wind_on,206.44542566458625,0.0,0.015,1.0,gen_wind_ES_7,0.0,,,,,0.0,,,
87,FI1 0,FI1 0 biomass,RES_other,1804.0,0.0,15.828205128205129,1.0,const,0.0,,,,,0.0,,,
88,FI1 0,FI1 0 CCGT,fossil_gas,1912.0,0.0,44.04309397690735,1.0,const,0.0,,,,,0.0,,,
89,FI1 0,FI1 0 coal,fossil_other,3712.0,0.0,94.86859632034631,1.0,const,0.0,,,,,0.0,,,
90,FI1 0,FI1 0 hydro,hydro,1171.0,0.0,0.0,0.9,inflow_FI_1,5500000.0,1.0,const,const,0.67,0.0,0.0,0.0,
91,FI1 0,FI1 0 nuclear,nuclear,2785.0,0.0,14.01327116564417,0.924,const,0.0,,,,,0.0,,,
92,FI1 0,FI1 0 ror,ror,3147.9999999999995,0.0,0.0,0.9,gen_ror_FI_1,0.0,,,,,0.0,,,
93,FI1 0,FI1 0 offwind-dc,wind_off,73.0,0.0,0.015,1.0,gen_wind_FI_2,0.0,,,,,0.0,,,
94,FI1 0,FI1 0 onwind,wind_on,2013.0,0.0,0.015,1.0,gen_wind_FI_4,0.0,,,,,0.0,,,
95,FR0 0,FR0 0 PHS,PHS,5023.0,0.0,0.0,0.0,const,79126.09077937408,1.0,const,const,0.67,5023.0,0.8660254037844386,1.5,
96,FR0 0,FR0 0 biomass,RES_other,1888.5083738957344,0.0,15.828205128205129,1.0,const,0.0,,,,,0.0,,,
97,FR0 0,FR0 0 CCGT,fossil_gas,11650.069596028085,0.0,47.92214795081963,1.0,const,0.0,,,,,0.0,,,
98,FR0 0,FR0 0 coal,fossil_other,8214.0,0.0,67.66461572871573,1.0,const,0.0,,,,,0.0,,,
99,FR0 0,FR0 0 hydro,hydro,6368.544856001137,0.0,0.0,0.9,inflow_FR_1,7349854.0691659795,1.0,const,const,0.67,0.0,0.0,0.0,
100,FR0 0,FR0 0 nuclear,nuclear,63130.0,0.0,14.013271165644174,0.616,const,0.0,,,,,0.0,,,
101,FR0 0,FR0 0 ror,ror,10764.198454969455,0.0,0.0,0.9,gen_ror_FR_1,0.0,,,,,0.0,,,
102,FR0 0,FR0 0 solar-hsat,solar,7628.645134170725,0.0,0.01,1.0,gen_sol_FR_2,0.0,,,,,0.0,,,
103,FR0 0,FR0 0 onwind,wind_on,13582.88931054641,0.0,0.015,1.0,gen_wind_FR_4,0.0,,,,,0.0,,,
104,FR6 0,FR6 0 biomass,RES_other,42.49162610426541,0.0,15.828205128205129,1.0,const,0.0,,,,,0.0,,,
105,FR6 0,FR6 0 CCGT,fossil_gas,301.93040397191663,0.0,46.80312068965517,1.0,const,0.0,,,,,0.0,,,
106,FR6 0,FR6 0 hydro,hydro,1910.455143998864,0.0,0.0,0.9,inflow_FR_1,1050642.1169692026,1.0,const,const,0.67,0.0,0.0,0.0,
107,FR6 0,FR6 0 ror,ror,190.80154503054337,0.0,0.0,0.9,gen_ror_FR_1,0.0,,,,,0.0,,,
108,FR6 0,FR6 0 solar-hsat,solar,559.3548658292752,0.0,0.01,1.0,gen_sol_FR_4,0.0,,,,,0.0,,,
109,FR6 0,FR6 0 onwind,wind_on,27.110689453590247,0.0,0.015,1.0,gen_wind_FR_7,0.0,,,,,0.0,,,
110,GB3 0,GB3 0 biomass,RES_other,3926.047951112168,0.0,15.828205128205129,1.0,const,0.0,,,,,0.0,,,
111,GB3 0,GB3 0 CCGT,fossil_gas,33676.44308190686,0.0,46.80312068965518,1.0,const,0.0,,,,,0.0,,,
112,GB3 0,GB3 0 coal,fossil_other,8007.431731984829,0.0,32.21332121212121,1.0,const,0.0,,,,,0.0,,,
113,GB3 0,GB3 0 hydro,hydro,61.0,0.0,0.0,0.9,inflow_GB_1,55079.00677200903,1.0,const,const,0.67,0.0,0.0,0.0,
114,GB3 0,GB3 0 nuclear,nuclear,9229.0,0.0,14.013271165644172,0.684,const,0.0,,,,,0.0,,,
115,GB3 0,GB3 0 ror,ror,1142.181928812557,0.0,0.0,0.9,gen_ror_GB_1,0.0,,,,,0.0,,,
116,GB3 0,GB3 0 solar-hsat,solar,12624.639716613285,0.0,0.01,1.0,gen_sol_GB_2,0.0,,,,,0.0,,,
117,GB3 0,GB3 0 offwind-dc,wind_off,9354.958916642398,0.0,0.015,1.0,gen_wind_GB_2,0.0,,,,,0.0,,,
118,GB3 0,GB3 0 onwind,wind_on,6979.218445636208,0.0,0.015,1.0,gen_wind_GB_4,0.0,,,,,0.0,,,
119,GB4 0,GB4 0 PHS,PHS,2744.0,0.0,0.0,0.0,const,43654.545454545456,1.0,const,const,0.67,2744.0,0.8660254037844386,1.5,
120,GB4 0,GB4 0 biomass,RES_other,134.95204888783155,0.0,15.828205128205129,1.0,const,0.0,,,,,0.0,,,
121,GB4 0,GB4 0 CCGT,fossil_gas,4021.5569180931434,0.0,46.80312068965518,1.0,const,0.0,,,,,0.0,,,
122,GB4 0,GB4 0 coal,fossil_other,786.5682680151708,0.0,32.21332121212121,1.0,const,0.0,,,,,0.0,,,
123,GB4 0,GB4 0 hydro,hydro,160.5,0.0,0.0,0.9,inflow_GB_1,144920.99322799098,1.0,const,const,0.67,0.0,0.0,0.0,
124,GB4 0,GB4 0 ror,ror,742.8180711874429,0.0,0.0,0.9,gen_ror_GB_1,0.0,,,,,0.0,,,
125,GB4 0,GB4 0 solar-hsat,solar,813.7802833867156,0.0,0.01,1.0,gen_sol_GB_4,0.0,,,,,0.0,,,
126,GB4 0,GB4 0 offwind-dc,wind_off,24.041083357604634,0.0,0.015,1.0,gen_wind_GB_6,0.0,,,,,0.0,,,
127,GB4 0,GB4 0 onwind,wind_on,6654.031554363791,0.0,0.015,1.0,gen_wind_GB_8,0.0,,,,,0.0,,,
128,GR0 0,GR0 0 PHS,PHS,699.0,0.0,0.0,0.0,const,5140.0,1.0,const,const,0.67,699.0,0.8660254037844386,1.5,
129,GR0 0,GR0 0 CCGT,fossil_gas,4902.0,0.0,48.06545619071036,1.0,const,0.0,,,,,0.0,,,
130,GR0 0,GR0 0 lignite,fossil_other,3912.0,0.0,13.256654545454548,1.0,const,0.0,,,,,0.0,,,
131,GR0 0,GR0 0 hydro,hydro,2403.0,0.0,0.0,0.9,inflow_GR_1,436778.0633002785,1.0,const,const,0.67,0.0,0.0,0.0,
132,GR0 0,GR0 0 ror,ror,299.0,0.0,0.0,0.9,gen_ror_GR_1,0.0,,,,,0.0,,,
133,GR0 0,GR0 0 solar-hsat,solar,2441.0,0.0,0.01,1.0,gen_sol_GR_2,0.0,,,,,0.0,,,
134,GR0 0,GR0 0 onwind,wind_on,2355.0,0.0,0.015,1.0,gen_wind_GR_4,0.0,,,,,0.0,,,
135,HR0 0,HR0 0 PHS,PHS,283.0,0.0,0.0,0.0,const,14823.308736352215,1.0,const,const,0.67,283.0,0.8660254037844386,1.5,
136,HR0 0,HR0 0 CCGT,fossil_gas,743.0,0.0,46.80312068965518,1.0,const,0.0,,,,,0.0,,,
137,HR0 0,HR0 0 hydro,hydro,1436.0,0.0,0.0,0.9,inflow_HR_1,2768374.867066472,1.0,const,const,0.67,0.0,0.0,0.0,
138,HR0 0,HR0 0 ror,ror,421.0,0.0,0.0,0.9,gen_ror_HR_1,0.0,,,,,0.0,,,
139,HR0 0,HR0 0 solar-hsat,solar,53.0,0.0,0.01,1.0,gen_sol_HR_2,0.0,,,,,0.0,,,
140,HR0 0,HR0 0 onwind,wind_on,616.0,0.0,0.015,1.0,gen_wind_HR_4,0.0,,,,,0.0,,,
141,HU0 0,HU0 0 biomass,RES_other,245.95,0.0,15.828205128205129,1.0,const,0.0,,,,,0.0,,,
142,HU0 0,HU0 0 CCGT,fossil_gas,4028.43,0.0,46.65563941365579,1.0,const,0.0,,,,,0.0,,,
143,HU0 0,HU0 0 coal,fossil_other,1700.4142391407934,0.0,67.66461572871573,1.0,const,0.0,,,,,0.0,,,
144,HU0 0,HU0 0 hydro,hydro,28.160000000000004,0.0,0.0,0.9,inflow_HU_1,201142.8571428572,1.0,const,const,0.67,0.0,0.0,0.0,
145,HU0 0,HU0 0 nuclear,nuclear,1898.87,0.0,14.013271165644172,0.891,const,0.0,,,,,0.0,,,
146,HU0 0,HU0 0 ror,ror,29.65,0.0,0.0,0.9,gen_ror_HU_1,0.0,,,,,0.0,,,
147,HU0 0,HU0 0 solar-hsat,solar,936.25,0.0,0.01,1.0,gen_sol_HU_2,0.0,,,,,0.0,,,
148,HU0 0,HU0 0 onwind,wind_on,327.48,0.0,0.015,1.0,gen_wind_HU_1,0.0,,,,,0.0,,,
149,IE4 0,IE4 0 PHS,PHS,292.0,0.0,0.0,0.0,const,1800.0,1.0,const,const,0.67,292.0,0.8660254037844386,1.5,
150,IE4 0,IE4 0 biomass,RES_other,68.0,0.0,15.828205128205129,1.0,const,0.0,,,,,0.0,,,
151,IE4 0,IE4 0 CCGT,fossil_gas,4265.0,0.0,54.55488273335465,1.0,const,0.0,,,,,0.0,,,
152,IE4 0,IE4 0 coal,fossil_other,2380.0,0.0,67.66461572871573,1.0,const,0.0,,,,,0.0,,,
153,IE4 0,IE4 0 ror,ror,216.0,0.0,0.0,0.9,gen_ror_IE_1,0.0,,,,,0.0,,,
154,IE4 0,IE4 0 solar-hsat,solar,96.188,0.0,0.01,1.0,gen_sol_IE_2,0.0,,,,,0.0,,,
155,IE4 0,IE4 0 offwind-dc,wind_off,25.2,0.0,0.015,1.0,gen_wind_IE_2,0.0,,,,,0.0,,,
156,IE4 0,IE4 0 onwind,wind_on,1918.73,0.0,0.015,1.0,gen_wind_IE_4,0.0,,,,,0.0,,,
157,IT0 0,IT0 0 PHS,PHS,6753.772580197837,0.0,0.0,0.0,const,377958.9089109008,1.0,const,const,0.67,6753.772580197837,0.8660254037844386,1.5,
158,IT0 0,IT0 0 biomass,RES_other,2333.9333333333334,0.0,7.914102564102565,1.0,const,0.0,,,,,0.0,,,
159,IT0 0,IT0 0 CCGT,fossil_gas,41127.46748401334,0.0,54.097622040681365,1.0,const,0.0,,,,,0.0,,,
160,IT0 0,IT0 0 coal,fossil_other,5624.544602128737,0.0,32.21332121212121,1.0,const,0.0,,,,,0.0,,,
161,IT0 0,IT0 0 hydro,hydro,3763.2138838562014,0.0,0.0,0.9,inflow_IT_1,7087200.7443654025,1.0,const,const,0.67,0.0,0.0,0.0,
162,IT0 0,IT0 0 ror,ror,10510.643533539816,0.0,0.0,0.9,gen_ror_IT_1,0.0,,,,,0.0,,,
163,IT0 0,IT0 0 solar-hsat,solar,4486.154906844725,0.0,0.01,1.0,gen_sol_IT_2,0.0,,,,,0.0,,,
164,IT0 0,IT0 0 onwind,wind_on,8492.368805571163,0.0,0.015,1.0,gen_wind_IT_4,0.0,,,,,0.0,,,
165,IT5 0,IT5 0 PHS,PHS,820.2274198021634,0.0,0.0,0.0,const,13533.501004814105,1.0,const,const,0.67,820.2274198021634,0.8660254037844386,1.5,
166,IT5 0,IT5 0 biomass,RES_other,205.06666666666663,0.0,15.828205128205129,1.0,const,0.0,,,,,0.0,,,
167,IT5 0,IT5 0 CCGT,fossil_gas,5194.532515986664,0.0,46.80312068965517,1.0,const,0.0,,,,,0.0,,,
168,IT5 0,IT5 0 coal,fossil_other,2481.455397871262,0.0,94.86859632034631,1.0,const,0.0,,,,,0.0,,,
169,IT5 0,IT5 0 hydro,hydro,93.78611614379706,0.0,0.0,0.9,inflow_IT_1,176625.8981443684,1.0,const,const,0.67,0.0,0.0,0.0,
170,IT5 0,IT5 0 ror,ror,139.3564664601844,0.0,0.0,0.9,gen_ror_IT_1,0.0,,,,,0.0,,,
171,IT5 0,IT5 0 solar-hsat,solar,230.84509315527592,0.0,0.01,1.0,gen_sol_IT_4,0.0,,,,,0.0,,,
172,IT5 0,IT5 0 onwind,wind_on,1124.6311944288373,0.0,0.015,1.0,gen_wind_IT_7,0.0,,,,,0.0,,,
173,LT0 0,LT0 0 PHS,PHS,900.0,0.0,0.0,0.0,const,10800.0,1.0,const,const,0.67,900.0,0.8660254037844386,1.5,
174,LT0 0,LT0 0 biomass,RES_other,96.0,0.0,15.828205128205129,1.0,const,0.0,,,,,0.0,,,
175,LT0 0,LT0 0 CCGT,fossil_gas,1709.9999999999998,0.0,46.80312068965517,1.0,const,0.0,,,,,0.0,,,
176,LT0 0,LT0 0 ror,ror,128.0,0.0,0.0,0.9,gen_ror_LT_1,0.0,,,,,0.0,,,
177,LT0 0,LT0 0 solar-hsat,solar,82.0,0.0,0.01,1.0,gen_sol_LT_2,0.0,,,,,0.0,,,
178,LT0 0,LT0 0 onwind,wind_on,525.0,0.0,0.015,1.0,gen_wind_LT_4,0.0,,,,,0.0,,,
179,LU0 0,LU0 0 PHS,PHS,2585.0,0.0,0.0,0.0,const,15510.0,1.0,const,const,0.67,2585.0,0.8660254037844386,1.5,
180,LU0 0,LU0 0 solar-hsat,solar,136.0,0.0,0.01,1.0,gen_sol_LU_2,0.0,,,,,0.0,,,
181,LU0 0,LU0 0 onwind,wind_on,154.0,0.0,0.015,1.0,gen_wind_LU_1,0.0,,,,,0.0,,,
182,LV0 0,LV0 0 CCGT,fossil_gas,1110.0,0.0,46.80312068965518,1.0,const,0.0,,,,,0.0,,,
183,LV0 0,LV0 0 ror,ror,1539.0,0.0,0.0,0.9,gen_ror_LV_1,0.0,,,,,0.0,,,
184,LV0 0,LV0 0 onwind,wind_on,59.0,0.0,0.015,1.0,gen_wind_LV_4,0.0,,,,,0.0,,,
185,ME0 0,ME0 0 PHS,PHS,307.0,0.0,0.0,0.0,const,1842.0,1.0,const,const,0.67,307.0,0.8660254037844386,1.5,
186,ME0 0,ME0 0 lignite,fossil_other,210.0,0.0,13.256654545454548,1.0,const,0.0,,,,,0.0,,,
187,ME0 0,ME0 0 hydro,hydro,342.0,0.0,0.0,0.9,inflow_ME_1,2869.159122335569,1.0,const,const,0.67,0.0,0.0,0.0,
188,ME0 0,ME0 0 ror,ror,307.0,0.0,0.0,0.9,gen_ror_ME_1,0.0,,,,,0.0,,,
189,ME0 0,ME0 0 onwind,wind_on,118.0,0.0,0.015,1.0,gen_wind_ME_3,0.0,,,,,0.0,,,
190,MK0 0,MK0 0 CCGT,fossil_gas,251.0,0.0,46.80312068965517,1.0,const,0.0,,,,,0.0,,,
191,MK0 0,MK0 0 lignite,fossil_other,824.0,0.0,13.256654545454548,1.0,const,0.0,,,,,0.0,,,
192,MK0 0,MK0 0 hydro,hydro,506.0,0.0,0.0,0.9,inflow_MK_1,3036.0,1.0,const,const,0.67,0.0,0.0,0.0,
193,MK0 0,MK0 0 ror,ror,191.6,0.0,0.0,0.9,gen_ror_MK_1,0.0,,,,,0.0,,,
194,MK0 0,MK0 0 solar-hsat,solar,16.713,0.0,0.01,1.0,gen_sol_MK_2,0.0,,,,,0.0,,,
195,MK0 0,MK0 0 onwind,wind_on,35.0,0.0,0.015,1.0,gen_wind_MK_1,0.0,,,,,0.0,,,
196,NL0 0,NL0 0 biomass,RES_other,485.0,0.0,15.828205128205129,1.0,const,0.0,,,,,0.0,,,
197,NL0 0,NL0 0 CCGT,fossil_gas,15570.0,0.0,57.184562564563855,1.0,const,0.0,,,,,0.0,,,
198,NL0 0,NL0 0 coal,fossil_other,4631.0,0.0,32.21332121212121,1.0,const,0.0,,,,,0.0,,,
199,NL0 0,NL0 0 solar-hsat,solar,4608.000000000001,0.0,0.01,1.0,gen_sol_NL_2,0.0,,,,,0.0,,,
200,NL0 0,NL0 0 offwind-dc,wind_off,957.0,0.0,0.015,1.0,gen_wind_NL_2,0.0,,,,,0.0,,,
201,NL0 0,NL0 0 onwind,wind_on,3436.0,0.0,0.015,1.0,gen_wind_NL_4,0.0,,,,,0.0,,,
202,NO1 0,NO1 0 PHS,PHS,1031.3,0.0,0.0,0.0,const,2477169.835296628,1.0,const,const,0.67,1031.3,0.8660254037844386,1.5,
203,NO1 0,NO1 0 CCGT,fossil_gas,634.6,0.0,46.80312068965517,1.0,const,0.0,,,,,0.0,,,
204,NO1 0,NO1 0 hydro,hydro,26472.27,0.0,0.0,0.9,inflow_NO_1,34907130.6163014,1.0,const,const,0.67,0.0,0.0,0.0,
205,NO1 0,NO1 0 ror,ror,5937.13,0.0,0.0,0.9,gen_ror_NO_1,0.0,,,,,0.0,,,
206,NO1 0,NO1 0 solar-hsat,solar,119.826,0.0,0.01,1.0,gen_sol_NO_2,0.0,,,,,0.0,,,
207,NO1 0,NO1 0 onwind,wind_on,2261.8,0.0,0.015,1.0,gen_wind_NO_4,0.0,,,,,0.0,,,
208,PL0 0,PL0 0 PHS,PHS,1780.02,0.0,0.0,0.0,const,11626.739261925452,1.0,const,const,0.67,1780.02,0.8660254037844386,1.5,
209,PL0 0,PL0 0 CCGT,fossil_gas,2106.3299999999995,0.0,46.80312068965517,1.0,const,0.0,,,,,0.0,,,
210,PL0 0,PL0 0 coal,fossil_other,30961.12,0.0,67.66461572871573,1.0,const,0.0,,,,,0.0,,,
211,PL0 0,PL0 0 hydro,hydro,156.51,0.0,0.0,0.9,inflow_PL_1,1787384.6153846153,1.0,const,const,0.67,0.0,0.0,0.0,
212,PL0 0,PL0 0 ror,ror,435.43,0.0,0.0,0.9,gen_ror_PL_1,0.0,,,,,0.0,,,
213,PL0 0,PL0 0 solar-hsat,solar,430.1300000000001,0.0,0.01,1.0,gen_sol_PL_2,0.0,,,,,0.0,,,
214,PL0 0,PL0 0 onwind,wind_on,5807.67,0.0,0.015,1.0,gen_wind_PL_4,0.0,,,,,0.0,,,
215,PT0 0,PT0 0 PHS,PHS,2820.0,0.0,0.0,0.0,const,1222221.626159997,1.0,const,const,0.67,2820.0,0.8660254037844386,1.5,
216,PT0 0,PT0 0 biomass,RES_other,604.8000000000001,0.0,15.828205128205129,1.0,const,0.0,,,,,0.0,,,
217,PT0 0,PT0 0 CCGT,fossil_gas,4606.0,0.0,46.90221996637235,1.0,const,0.0,,,,,0.0,,,
218,PT0 0,PT0 0 hydro,hydro,1515.3,0.0,0.0,0.9,inflow_PT_1,2127667.312402967,1.0,const,const,0.67,0.0,0.0,0.0,
219,PT0 0,PT0 0 ror,ror,2857.5999999999995,0.0,0.0,0.9,gen_ror_PT_1,0.0,,,,,0.0,,,
220,PT0 0,PT0 0 solar-hsat,solar,323.5,0.0,0.01,1.0,gen_sol_PT_2,0.0,,,,,0.0,,,
221,PT0 0,PT0 0 onwind,wind_on,5126.6,0.0,0.015,1.0,gen_wind_PT_3,0.0,,,,,0.0,,,
222,RO0 0,RO0 0 CCGT,fossil_gas,3033.0,0.0,46.80312068965517,1.0,const,0.0,,,,,0.0,,,
223,RO0 0,RO0 0 coal,fossil_other,4128.0,0.0,22.73498787878788,1.0,const,0.0,,,,,0.0,,,
224,RO0 0,RO0 0 hydro,hydro,3373.0,0.0,0.0,0.9,inflow_RO_1,9171651.7526079,1.0,const,const,0.67,0.0,0.0,0.0,
225,RO0 0,RO0 0 nuclear,nuclear,1300.0,0.0,14.013271165644172,0.906,const,0.0,,,,,0.0,,,
226,RO0 0,RO0 0 ror,ror,2770.0,0.0,0.0,0.9,gen_ror_RO_1,0.0,,,,,0.0,,,
227,RO0 0,RO0 0 solar-hsat,solar,1150.0,0.0,0.01,1.0,gen_sol_RO_2,0.0,,,,,0.0,,,
228,RO0 0,RO0 0 onwind,wind_on,2968.0,0.0,0.015,1.0,gen_wind_RO_4,0.0,,,,,0.0,,,
229,RS0 0,RS0 0 PHS,PHS,639.0,0.0,0.0,0.0,const,3834.0,1.0,const,const,0.67,639.0,0.8660254037844386,1.5,
230,RS0 0,RS0 0 CCGT,fossil_gas,286.41,0.0,46.80312068965517,1.0,const,0.0,,,,,0.0,,,
231,RS0 0,RS0 0 lignite,fossil_other,5600.5,0.0,13.256654545454545,1.0,const,0.0,,,,,0.0,,,
232,RS0 0,RS0 0 hydro,hydro,344.70000000000005,0.0,0.0,0.9,inflow_RS_1,0.0,1.0,const,const,0.67,0.0,0.0,0.0,
233,RS0 0,RS0 0 ror,ror,1981.98,0.0,0.0,0.9,gen_ror_RS_1,0.0,,,,,0.0,,,
234,RS0 0,RS0 0 solar-hsat,solar,23.448,0.0,0.01,1.0,gen_sol_RS_2,0.0,,,,,0.0,,,
235,RS0 0,RS0 0 onwind,wind_on,398.32,0.0,0.015,1.0,gen_wind_RS_1,0.0,,,,,0.0,,,
236,SE1 0,SE1 0 PHS,PHS,92.0,0.0,0.0,0.0,const,72120.0,1.0,const,const,0.67,92.0,0.8660254037844386,1.5,
237,SE1 0,SE1 0 biomass,RES_other,1111.0,0.0,15.82820512820513,1.0,const,0.0,,,,,0.0,,,
238,SE1 0,SE1 0 CCGT,fossil_gas,176.0,0.0,46.80312068965518,1.0,const,0.0,,,,,0.0,,,
239,SE1 0,SE1 0 hydro,hydro,16301.000000000002,0.0,0.0,0.9,inflow_SE_1,50644760.40307087,1.0,const,const,0.67,0.0,0.0,0.0,
240,SE1 0,SE1 0 nuclear,nuclear,8585.999999999998,0.0,14.01327116564417,0.817,const,0.0,,,,,0.0,,,
241,SE1 0,SE1 0 ror,ror,1279.0,0.0,0.0,0.9,gen_ror_SE_1,0.0,,,,,0.0,,,
242,SE1 0,SE1 0 solar-hsat,solar,714.0,0.0,0.01,1.0,gen_sol_SE_2,0.0,,,,,0.0,,,
243,SE1 0,SE1 0 offwind-dc,wind_off,281.15,0.0,0.015,1.0,gen_wind_SE_2,0.0,,,,,0.0,,,
244,SE1 0,SE1 0 onwind,wind_on,7506.0,0.0,0.015,1.0,gen_wind_SE_4,0.0,,,,,0.0,,,
245,SI0 0,SI0 0 PHS,PHS,180.0,0.0,0.0,0.0,const,1080.0,1.0,const,const,0.67,180.0,0.8660254037844386,1.5,
246,SI0 0,SI0 0 CCGT,fossil_gas,491.0,0.0,46.80312068965517,1.0,const,0.0,,,,,0.0,,,
247,SI0 0,SI0 0 coal,fossil_other,1038.3201826138338,0.0,22.73498787878788,1.0,const,0.0,,,,,0.0,,,
248,SI0 0,SI0 0 hydro,hydro,576.1899999999998,0.0,0.0,0.9,inflow_SI_1,2200000.0,1.0,const,const,0.67,0.0,0.0,0.0,
249,SI0 0,SI0 0 nuclear,nuclear,696.0,0.0,14.013271165644172,0.884,const,0.0,,,,,0.0,,,
250,SI0 0,SI0 0 ror,ror,1053.0,0.0,0.0,0.9,gen_ror_SI_1,0.0,,,,,0.0,,,
251,SI0 0,SI0 0 solar-hsat,solar,275.34,0.0,0.01,1.0,gen_sol_SI_2,0.0,,,,,0.0,,,
252,SK0 0,SK0 0 PHS,PHS,916.0,0.0,0.0,0.0,const,5496.0,1.0,const,const,0.67,916.0,0.8660254037844386,1.5,
253,SK0 0,SK0 0 CCGT,fossil_gas,1153.0,0.0,91.64973636767785,1.0,const,0.0,,,,,0.0,,,
254,SK0 0,SK0 0 coal,fossil_other,541.0,0.0,22.73498787878788,1.0,const,0.0,,,,,0.0,,,
255,SK0 0,SK0 0 hydro,hydro,418.0,0.0,0.0,0.9,inflow_SK_1,3256373.937677054,1.0,const,const,0.67,0.0,0.0,0.0,
256,SK0 0,SK0 0 nuclear,nuclear,1940.0000000000005,0.0,14.01327116564417,0.908,const,0.0,,,,,0.0,,,
257,SK0 0,SK0 0 ror,ror,1208.0,0.0,0.0,0.9,gen_ror_SK_1,0.0,,,,,0.0,,,
258,SK0 0,SK0 0 solar-hsat,solar,531.0,0.0,0.01,1.0,gen_sol_SK_2,0.0,,,,,0.0,,,
259,NO1 UtSira,UtSira,wind_offshore,5000.0,0.0,0.0,1.0,NO1 UtSira,,,,,,,,,"A,B,C"
260,NO1 SN_II,Nors sj√∏en II,wind_offshore,5000.0,0.0,0.0,1.0,NO1 SN_II,,,,,,,,,"A,B,C"
